"Indicator","Area","Units","2006-01","2006-02","2006-03","2006-04","2006-05","2006-06","2006-07","2006-08","2006-09","2006-10","2006-11","2006-12","2007-01","2007-02","2007-03","2007-04","2007-05","2007-06","2007-07","2007-08","2007-09","2007-10","2007-11","2007-12","2008-01","2008-02","2008-03","2008-04","2008-05","2008-06","2008-07","2008-08","2008-09","2008-10","2008-11","2008-12","2009-01","2009-02","2009-03","2009-04","2009-05","2009-06","2009-07","2009-08","2009-09","2009-10","2009-11","2009-12","2010-01","2010-02","2010-03","2010-04","2010-05","2010-06","2010-07","2010-08","2010-09","2010-10","2010-11","2010-12","2011-01","2011-02","2011-03","2011-04","2011-05","2011-06","2011-07","2011-08","2011-09","2011-10","2011-11","2011-12","2012-01","2012-02","2012-03","2012-04","2012-05","2012-06","2012-07","2012-08","2012-09","2012-10","2012-11","2012-12","2013-01","2013-02","2013-03","2013-04","2013-05","2013-06","2013-07","2013-08","2013-09","2013-10","2013-11","2013-12","2014-01","2014-02","2014-03","2014-04","2014-05","2014-06","2014-07","2014-08","2014-09","2014-10","2014-11","2014-12","2015-01","2015-02","2015-03","2015-04","2015-05","2015-06","2015-07","2015-08","2015-09","2015-10","2015-11","2015-12","2016-01","2016-02","2016-03","2016-04","2016-05","2016-06","2016-07","2016-08","2016-09","2016-10","2016-11","2016-12","2017-01","2017-02","2017-03","2017-04","2017-05","2017-06","2017-07","2017-08","2017-09","2017-10","2017-11","2017-12","2018-01","2018-02","2018-03","2018-04","2018-05","2018-06","2018-07","2018-08","2018-09","2018-10","2018-11","2018-12","2019-01","2019-02","2019-03","2019-04","2019-05","2019-06","2019-07","2019-08","2019-09","2019-10","2019-11","2019-12","Source"
"Foreign imports- Crude oil","City and County of Honolulu","1000 Barrels","4,138","4,009","4,573","4,689","4,238","3,994","3,875","4,276","4,639","3,437","3,956","3,209","3,475","3,803","3,690","4,334","4,476","3,112","3,991","4,271","4,266","3,600","3,904","3,215","3,234","3,701","3,321","1,936","2,379","4,783","3,574","3,939","4,514","2,693","3,711","3,662","2,558","4,335","4,046","3,202","3,373","3,381","3,871","3,288","2,424","5,035","4,122","1,346","5,021","3,375","2,607","3,314","3,792","3,931","2,900","3,690","1,694","4,531","3,634","3,842","3,924","2,910","3,899","1,883","3,821","5,146","3,342","3,185","2,976","5,286","2,807","3,137","4,519","2,322","2,545","4,019","2,860","3,070","3,620","2,504","3,675","4,194","3,535","2,705","3,997","4,131","2,115","1,669","700","1,543","1,396","2,123","2,127","4,299","3,533","3,675","992","2,291","3,108","2,875","1,390","1,742","3,648","3,236","2,226","2,280","1,773","2,557","2,945","2,644","2,985","1,550","3,304","1,288","1,287","1,304","3,026","3,719","2,367","2,404","1,955","2,295","2,009","2,684","4,245","3,332","2,016","2,374","2,966","1,946","1,454","1,733","0","1,673","1,730","1,743","2,030","1,755","1,952","2,668","3,071","3,360","2,312","3,654","2,008","3,373","3,741","3,095","2,097","4,045","3,040","3,769","2,991","2,396","1,534","2,776","2,044","2,302","2,054","2,059","2,094","2,677","1,000","1,717","2,441","3,482","2,774","1,727","US,  Dep. of Energy"
"Foreign imports- Distillate","City and County of Honolulu","1000 Barrels","0","0","0","0","0","0","0","0","80","0","0","63","58","0","35","0","0","50","38","0","0","0","0","0","0","0","35","0","41","0","0","0","0","0","0","0","0","0","0","0","0","0","0","0","0","0","0","0","0","0","0","0","0","0","0","0","0","0","0","0","0","0","0","0","0","0","0","0","0","0","0","0","0","0","0","0","0","0","0","0","0","0","0","0","0","0","0","0","311","215","0","270","0","0","0","0","80","83","0","86","11","0","105","47","39","146","60","75","75","64","75","99","58","94","58","0","93","40","58","47","124","47","65","45","154","21","47","102","47","46","70","0","0","0","0","0","0","0","0","0","62","0","0","0","0","0","0","0","0","0","0","0","150","0","88","0","0","0","0","0","0","0","0","0","0","0","0","0","US,  Dep. of Energy"
"Foreign imports- Jet fuel, Kerosene","City and County of Honolulu","1000 Barrels","241","0","0","607","0","312","0","0","319","304","0","539","675","308","302","310","252","306","565","151","304","619","200","333","590","327","464","466","505","314","0","592","213","0","0","310","0","0","413","0","0","0","453","76","196","318","152","0","278","626","0","0","627","626","506","0","319","297","594","0","315","311","0","298","300","325","0","0","0","0","301","0","0","310","0","0","625","0","315","645","328","315","0","320","314","315","300","1,095","1,004","1,347","1,030","514","489","459","0","314","315","286","0","563","327","0","350","174","639","468","315","315","315","315","672","315","390","370","480","664","0","415","453","446","738","415","515","432","455","655","1,047","1,065","638","790","605","169","847","630","418","1,028","300","376","508","1,166","281","134","99","624","953","130","938","311","680","834","770","588","510","714","1,044","533","536","465","769","726","829","743","2,434","710","1,255","455","0","1,490","US,  Dep. of Energy"
"Foreign imports- Residual fuel oil","City and County of Honolulu","1000 Barrels","0","0","0","0","0","0","367","0","217","0","0","0","64","0","0","0","98","203","0","0","0","0","0","0","0","0","0","0","95","101","0","0","0","0","0","0","78","0","0","0","0","0","0","0","0","0","0","0","0","0","0","0","0","0","297","0","0","0","0","0","0","0","0","0","0","0","0","0","0","0","0","0","0","0","0","0","68","0","0","0","0","0","0","0","0","0","0","0","332","306","516","0","334","0","221","0","0","241","0","0","42","0","0","45","0","115","82","55","42","65","0","0","69","119","45","0","155","68","97","80","168","114","107","29","85","0","101","83","185","96","65","0","0","0","0","0","0","0","0","0","0","0","0","0","0","0","0","0","0","0","0","0","0","0","0","0","0","0","0","0","0","0","0","0","0","0","0","0","US,  Dep. of Energy"
"Foreign imports- Propane","City and County of Honolulu","1000 Barrels","0","0","0","0","0","0","0","0","0","0","0","0","0","0","0","0","0","0","0","0","0","0","0","0","0","0","0","0","0","0","0","0","0","0","0","0","0","0","0","0","0","0","0","0","0","0","0","0","0","0","0","0","0","0","0","0","0","0","0","0","9","8","0","9","0","0","0","0","0","0","0","0","0","0","0","5","0","0","0","0","0","0","0","0","0","0","11","0","0","34","10","12","10","9","0","11","0","10","0","0","0","0","0","0","0","0","0","10","20","13","18","3","18","20","17","19","18","9","19","0","20","0","10","0","28","19","0","0","18","17","10","5","0","14","0","0","0","21","4","0","0","0","0","0","0","0","0","0","0","0","0","0","0","0","0","9","29","22","20","42","0","0","39","0","0","0","18","15","US,  Dep. of Energy"
"Foreign imports- Fuel ethanol","City and County of Honolulu","1000 Barrels","0","114","75","0","90","141","174","42","203","78","78","81","0","78","81","98","0","94","92","96","0","96","83","0","0","97","95","0","0","0","244","0","0","60","0","0","49","0","47","0","79","63","86","91","82","82","0","0","0","0","0","0","0","0","0","0","0","0","0","0","0","0","0","0","0","0","0","0","0","0","0","0","0","0","0","0","0","0","0","0","0","128","0","133","0","0","0","0","0","0","0","0","0","0","0","0","0","0","0","0","0","0","95","0","0","24","0","0","0","0","0","0","0","0","0","82","0","0","0","0","0","0","0","0","0","0","0","0","0","0","0","0","0","0","0","0","0","0","0","0","0","0","0","0","0","0","0","0","0","0","0","0","0","0","0","0","0","0","0","0","0","0","0","0","0","0","0","0","US,  Dep. of Energy"
"Other refined petroleum products","City and County of Honolulu","1000 Barrels","0","0","189","0","0","142","0","0","0","0","0","0","0","0","0","49","98","0","0","0","0","97","0","0","0","0","0","0","0","0","0","0","0","0","0","0","27","0","218","0","0","0","0","0","0","0","0","0","0","219","0","0","0","0","118","0","0","0","0","0","0","0","0","159","0","0","0","0","0","0","0","0","207","0","0","0","0","32","0","0","0","0","0","207","0","32","0","59","677","308","835","466","66","0","0","118","115","273","8","116","0","65","150","38","97","190","123","60","62","79","0","0","32","0","0","67","20","0","0","0","0","0","73","0","85","0","43","0","40","0","0","0","0","70","0","0","0","65","74","0","221","220","220","316","0","0","0","0","0","0","0","91","0","0","0","0","302","354","352","371","304","293","617","0","508","639","292","0","US,  Dep. of Energy"
"Electricity Total Meters- All Sectors","City and County of Honolulu","Meters","290,920","290,419","291,190","290,841","291,438","291,163","291,245","291,732","291,924","291,584","292,265","291,857","292,690","292,217","292,556","292,385","292,682","292,387","292,747","293,099","292,876","293,055","292,844","293,549","294,104","293,343","293,763","293,735","293,511","293,913","293,363","292,714","293,662","293,107","292,641","292,705","294,086","293,511","293,911","293,717","293,708","292,816","293,904","293,647","294,096","293,974","293,768","294,337","294,473","294,216","294,938","294,794","294,040","294,440","294,274","294,841","295,374","294,965","295,032","295,504","295,556","295,140","295,621","295,589","295,644","295,742","295,258","295,783","296,269","295,906","296,577","295,949","296,924","296,887","296,803","296,731","297,245","296,918","296,894","296,914","297,006","297,093","296,972","297,139","297,335","297,461","297,885","298,392","298,687","298,677","299,028","298,933","298,869","299,048","299,002","299,140","299,313","299,308","299,590","300,091","300,393","300,329","300,330","300,258","300,619","301,071","301,111","301,559","301,685","301,786","301,937","301,982","301,969","302,178","302,207","302,120","302,275","302,329","302,395","302,610","302,686","302,854","303,006","303,240","303,328","303,315","303,321","303,639","303,688","303,702","303,879","303,928","304,081","303,994","304,303","304,248","304,359","304,339","304,384","304,496","304,466","304,531","304,487","304,616","304,796","304,703","304,837","304,960","304,982","304,964","304,964","305,029","304,966","305,196","305,075","305,111","305,287","305,249","305,394","305,470","305,547","305,562","305,757","305,752","305,791","305,892","305,811","306,006","Electric utility companies"
"Electricity Total KWH Sold- All Sectors","City and County of Honolulu","KWH","625,207,474","552,459,799","632,595,951","596,385,377","625,523,062","651,970,543","672,005,573","707,725,629","664,130,818","672,113,862","652,599,233","647,887,594","629,812,414","549,849,184","636,150,705","594,324,438","654,177,624","647,725,525","672,415,167","688,885,978","663,557,484","675,470,878","627,333,074","635,652,519","611,032,085","574,787,787","630,758,793","603,455,020","644,258,941","634,045,975","666,307,427","669,146,075","646,676,890","653,474,766","612,166,394","609,851,652","586,049,039","524,716,597","576,564,594","568,858,511","620,306,346","638,496,440","647,149,143","673,205,710","647,767,186","667,785,679","617,737,892","608,899,986","602,330,181","526,888,862","586,300,826","577,908,920","621,601,567","605,717,510","632,147,093","649,864,194","622,295,169","638,775,636","602,438,216","610,960,677","604,384,951","561,243,984","619,383,100","592,510,371","622,238,122","577,834,942","620,131,781","629,885,378","615,920,569","628,473,364","585,117,243","585,186,753","584,466,181","542,753,962","568,327,389","553,472,893","587,851,270","571,895,959","595,362,564","620,818,755","579,907,458","613,302,928","569,356,643","588,479,508","554,504,191","493,395,765","543,032,055","553,191,330","585,021,896","564,198,418","607,203,316","612,646,362","586,790,810","607,639,216","564,947,817","585,964,584","540,159,587","517,811,821","536,794,140","529,054,447","571,135,363","552,099,757","595,865,725","614,071,829","604,712,476","617,960,783","555,598,191","546,400,437","517,356,154","489,556,255","520,246,260","530,844,440","538,707,233","545,101,995","609,828,876","642,744,342","621,491,784","589,345,011","585,454,671","563,406,290","534,358,112","503,501,240","519,687,292","526,536,670","554,472,569","543,464,705","590,764,392","621,970,711","587,666,666","586,055,862","537,129,974","554,587,130","516,735,490","470,188,328","537,828,176","522,992,946","553,098,417","547,949,685","586,413,931","605,680,384","583,536,476","587,472,291","529,305,111","507,495,654","517,003,269","470,713,436","509,750,484","525,051,003","525,105,406","546,911,981","585,835,897","602,091,249","572,174,359","601,777,137","545,609,008","523,646,897","519,873,109","426,951,359","476,900,291","494,861,213","536,579,702","561,226,555","598,298,409","621,336,547","603,663,882","603,376,536","561,532,355","558,504,279","Electric utility companies"
"Electricity Total KWH Sold- Residential","City and County of Honolulu","KWH","178,941,964","150,504,445","175,927,557","168,873,157","168,187,218","179,240,101","186,875,292","195,087,382","182,645,922","186,147,572","181,089,337","180,911,855","181,842,040","149,277,839","174,759,923","166,598,607","176,973,144","180,851,983","187,927,623","195,805,174","184,516,020","184,137,519","171,945,074","179,900,211","177,084,936","156,730,140","171,594,764","162,569,637","173,407,464","171,624,468","183,153,015","179,744,729","172,164,965","170,619,427","161,600,319","168,434,298","168,364,429","141,291,476","158,546,410","154,367,542","166,880,553","175,861,184","176,299,614","185,746,249","176,703,673","183,388,595","171,301,725","166,527,012","172,008,955","142,960,491","160,195,318","156,386,316","165,183,541","162,554,291","173,300,847","173,855,710","166,926,178","171,404,332","162,546,358","168,420,804","174,468,603","143,857,554","164,018,173","154,080,204","165,895,027","158,078,023","165,359,426","167,739,065","160,798,533","163,311,484","151,007,373","156,340,004","160,646,496","136,482,861","149,692,320","142,109,152","147,629,689","144,092,053","151,256,560","155,102,569","143,311,139","154,388,635","142,051,491","150,072,570","146,884,499","121,390,363","132,146,803","135,621,230","139,454,366","134,903,730","143,472,714","146,529,068","141,308,369","144,786,344","136,298,229","144,513,221","135,673,985","125,524,128","126,652,809","119,544,319","132,298,903","128,247,348","138,530,613","146,965,168","141,953,963","151,339,547","133,742,235","130,675,788","131,085,965","113,960,906","118,900,512","117,983,586","118,639,320","125,762,683","150,418,946","161,199,859","164,203,236","141,694,720","142,670,407","140,397,327","134,120,263","114,170,178","116,010,274","118,448,168","124,110,104","127,188,637","139,379,747","154,164,762","142,820,374","141,117,327","128,075,801","140,795,380","129,885,350","110,586,221","126,690,497","116,526,590","130,261,818","128,324,765","143,639,452","148,950,403","142,267,866","143,790,961","130,704,046","127,145,376","132,332,247","113,361,294","124,660,930","126,225,716","122,013,601","129,095,666","143,120,804","153,740,636","149,944,113","148,897,597","136,256,256","128,218,108","135,194,777","98,009,774","108,069,514","109,066,120","125,584,766","140,957,043","157,036,516","161,009,967","157,846,061","155,358,404","142,570,392","144,271,280","Electric utility companies"
"Electricity Total KWH Sold- Commercial","City and County of Honolulu","KWH","443,056,086","398,790,135","453,569,155","424,590,442","454,196,782","469,607,046","482,239,893","509,307,517","478,429,470","482,869,883","468,321,655","463,727,572","445,321,289","396,978,747","458,093,444","424,764,538","474,033,441","463,735,732","481,496,233","489,896,903","475,968,113","488,197,027","452,201,429","452,668,250","430,516,092","415,046,599","455,964,900","437,707,998","467,764,160","459,218,977","480,211,293","486,204,462","471,551,427","479,556,021","447,214,087","438,396,236","414,502,501","380,357,969","415,522,722","411,476,776","450,259,743","459,867,190","467,788,786","484,130,690","468,265,507","481,232,641","443,503,470","439,126,297","426,997,736","381,181,443","422,831,630","418,466,263","453,462,945","440,027,550","455,883,590","473,023,231","452,268,211","464,238,948","437,045,283","439,303,965","426,592,906","414,810,089","452,031,330","435,597,782","453,217,238","417,093,042","451,710,252","459,268,582","452,034,966","462,064,669","431,283,101","425,691,181","420,629,463","403,568,754","415,499,897","408,274,961","437,018,682","425,370,512","441,082,222","462,742,338","433,703,412","455,716,566","424,460,486","435,400,886","404,353,619","369,431,432","407,660,700","415,069,639","441,931,786","426,741,786","460,827,235","463,234,797","442,445,301","459,639,577","425,792,799","438,313,707","401,481,564","389,446,565","406,909,835","406,475,317","435,973,419","421,148,928","454,076,913","464,374,730","459,656,193","463,604,022","418,871,095","412,603,261","383,313,486","372,803,040","398,212,874","410,001,998","417,087,760","416,435,298","456,497,263","478,616,323","454,307,567","444,752,916","439,892,602","419,622,303","397,423,378","386,527,178","400,455,399","405,314,600","427,524,714","413,773,227","448,513,681","464,925,451","442,204,634","442,026,105","406,151,954","411,001,951","384,059,041","357,049,078","408,114,512","403,791,693","419,936,211","417,059,329","439,967,317","453,800,582","438,627,878","440,785,705","395,924,484","377,425,444","381,652,702","354,961,943","382,062,014","396,117,015","400,095,148","415,316,299","439,922,214","445,556,188","419,575,571","450,004,806","406,716,328","392,554,108","381,762,105","326,574,857","365,872,112","383,328,693","408,102,893","417,657,920","438,690,431","457,722,797","443,142,272","445,124,188","416,376,872","411,508,247","Electric utility companies"
"Electricity Total KWH Sold- Street Lights","City and County of Honolulu","KWH","3,209,424","3,165,219","3,099,239","2,921,778","3,139,062","3,123,396","2,890,388","3,330,730","3,055,426","3,096,407","3,188,241","3,248,167","2,649,085","3,592,598","3,297,338","2,961,293","3,171,039","3,137,810","2,991,311","3,183,901","3,073,351","3,136,332","3,186,571","3,084,058","3,431,057","3,011,048","3,199,129","3,177,385","3,087,317","3,202,530","2,943,119","3,196,884","2,960,498","3,299,318","3,351,988","3,021,118","3,182,109","3,067,152","2,495,462","3,014,193","3,166,050","2,768,066","3,060,743","3,328,771","2,798,006","3,164,443","2,932,697","3,246,677","3,323,490","2,746,928","3,273,878","3,056,341","2,955,081","3,135,669","2,962,656","2,985,253","3,100,780","3,132,356","2,846,575","3,235,908","3,323,442","2,576,341","3,333,597","2,832,385","3,125,857","2,663,877","3,062,103","2,877,731","3,087,070","3,097,211","2,826,769","3,155,568","3,190,222","2,702,347","3,135,172","3,088,780","3,202,899","2,433,394","3,023,782","2,973,848","2,892,907","3,197,727","2,844,666","3,006,052","3,266,073","2,573,970","3,224,552","2,500,461","3,635,744","2,552,902","2,903,367","2,882,497","3,037,140","3,213,295","2,856,789","3,137,656","3,004,038","2,841,128","3,231,496","3,034,811","2,863,041","2,703,481","3,258,199","2,731,931","3,102,320","3,017,214","2,984,861","3,121,388","2,956,703","2,792,309","3,132,874","2,858,856","2,980,153","2,904,014","2,912,667","2,928,160","2,980,981","2,897,375","2,891,662","3,386,660","2,814,471","2,803,884","3,221,619","2,773,902","2,837,751","2,502,841","2,870,964","2,880,498","2,641,658","2,912,430","2,902,219","2,789,799","2,791,099","2,553,029","3,023,167","2,674,663","2,900,388","2,565,591","2,807,162","2,929,399","2,640,732","2,895,625","2,676,581","2,924,834","3,018,320","2,390,199","3,027,540","2,708,272","2,996,657","2,500,016","2,792,879","2,794,425","2,654,675","2,874,734","2,636,424","2,874,681","2,916,227","2,366,728","2,958,665","2,466,400","2,892,043","2,611,592","2,571,462","2,603,783","2,675,549","2,893,944","2,585,091","2,724,752","Electric utility companies"
"Electricity Retail Price- All Sectors","City and County of Honolulu","Cents/KWH","17.46","17.88","17.31","18.01","17.65","18.46","18.43","18.43","18.32","17.14","16.80","16.24","15.76","16.28","15.54","16.15","16.61","17.63","18.26","19.04","17.32","19.96","20.60","22.24","21.57","23.02","23.65","23.48","24.42","26.55","27.72","29.12","29.99","28.91","26.56","23.37","19.98","17.84","16.13","16.23","16.29","16.60","17.38","19.78","20.68","21.22","20.70","20.85","20.74","21.68","23.18","21.81","22.87","22.84","22.76","23.12","22.77","22.96","23.18","23.17","24.36","25.08","25.90","26.86","28.06","30.41","30.33","31.64","32.66","31.55","30.93","30.45","30.31","31.54","31.85","32.26","32.71","34.20","32.84","31.72","32.02","31.15","30.98","29.80","32.69","30.94","31.41","30.33","30.58","30.68","30.21","30.64","29.73","30.87","31.38","30.97","31.84","31.24","32.92","31.65","31.97","32.44","32.02","31.52","31.99","31.03","29.43","29.55","27.98","24.79","25.12","24.27","23.69","24.51","24.66","25.06","24.07","23.29","21.56","22.16","22.01","21.07","21.53","20.64","21.11","21.93","22.32","22.16","22.55","22.48","23.28","22.87","23.22","24.10","23.80","24.14","23.71","24.62","24.12","24.08","24.08","24.17","25.40","26.44","26.17","26.36","27.48","26.83","26.99","26.78","27.98","27.72","27.08","26.84","28.63","29.58","28.13","27.83","28.57","28.54","28.20","27.37","26.81","26.63","26.65","26.32","25.90","26.24","Electric utility companies"
"Electricity Retail Price- Residential","City and County of Honolulu","Cents/KWH","19.74","20.10","19.60","20.31","20.09","20.87","20.85","20.91","20.79","19.61","19.16","18.67","18.20","18.60","17.94","18.59","19.24","20.09","20.76","21.53","19.56","22.71","23.27","25.20","24.34","25.79","26.38","26.62","27.61","29.69","30.92","32.29","33.59","32.15","29.85","26.97","22.71","20.61","18.56","19.02","19.11","19.55","20.10","22.67","23.73","24.06","23.67","23.75","23.50","24.33","25.97","24.62","25.83","25.79","25.66","26.07","25.64","25.90","26.14","26.08","27.07","28.02","29.01","29.78","31.04","33.38","33.35","34.68","36.03","34.60","33.90","33.63","33.26","34.82","34.95","35.47","35.88","38.03","36.26","35.49","35.37","34.59","34.40","32.91","35.66","34.19","34.95","34.01","34.59","34.88","34.53","34.76","33.80","34.64","34.88","34.53","35.22","34.68","36.94","36.57","36.31","36.95","36.69","35.65","36.21","34.55","32.92","33.24","31.41","28.76","29.42","29.09","28.41","29.04","28.47","28.60","27.18","26.60","24.97","25.28","25.37","25.50","26.44","25.54","25.67","25.99","26.75","25.72","26.30","26.31","27.07","26.07","26.39","27.93","27.88","29.28","27.77","29.23","28.19","28.04","27.98","27.82","28.71","29.57","29.54","30.05","31.21","30.73","30.99","31.29","32.23","31.36","30.39","30.50","32.13","35.54","30.97","32.54","33.86","34.35","32.88","31.41","30.42","30.32","30.12","29.57","29.16","29.47","Electric utility companies"
"Electricity Retail Price- Commercial","City and County of Honolulu","Cents/KWH","16.54","17.04","16.41","17.10","16.74","17.54","17.49","17.47","17.38","16.18","15.88","15.28","14.77","15.40","14.62","15.19","15.63","16.66","17.28","18.05","16.45","18.92","19.58","21.06","20.43","21.97","22.62","22.32","23.23","25.38","26.49","27.94","28.66","27.76","25.37","21.99","18.87","16.81","15.22","15.19","15.25","15.46","16.35","18.67","19.53","20.13","19.55","19.74","19.62","20.69","22.12","20.76","21.78","21.75","21.66","22.03","21.70","21.87","22.07","22.04","23.25","24.06","24.77","25.81","26.96","29.28","29.22","30.52","31.45","30.46","29.88","29.27","29.17","30.43","30.73","31.14","31.64","32.88","31.65","30.45","30.90","29.98","29.82","28.71","31.61","29.88","30.27","29.12","29.30","29.34","28.86","29.33","28.43","29.67","30.25","29.78","30.70","30.12","31.66","30.20","30.64","31.06","30.59","30.20","30.68","29.87","28.30","28.37","26.80","23.57","23.84","22.88","22.34","23.13","23.40","23.86","22.93","22.23","20.44","21.11","20.87","19.76","20.11","19.20","19.78","20.67","20.93","20.97","21.33","21.25","22.07","21.76","22.14","22.91","22.54","22.65","22.44","23.20","22.78","22.78","22.80","22.97","24.30","25.38","24.99","25.18","26.26","25.59","25.76","25.38","26.59","26.45","25.88","25.62","27.45","27.66","27.12","26.42","27.01","26.89","26.75","26.00","25.51","25.32","25.40","25.17","24.77","25.09","Electric utility companies"
"Electricity Retail Price- Street Lights","City and County of Honolulu","Cents/KWH","17.96","17.75","18.37","18.40","18.24","19.08","19.10","19.11","18.90","17.83","17.21","16.80","15.92","16.76","16.04","16.52","17.10","18.14","18.75","19.54","17.68","20.56","21.08","22.12","22.15","23.59","24.13","23.72","24.96","26.96","28.32","29.77","31.76","29.37","26.98","23.05","20.22","17.82","13.00","16.31","16.62","17.22","18.11","20.48","22.07","22.13","21.67","21.58","21.52","22.35","23.83","22.71","23.85","23.89","23.79","24.26","23.75","23.92","24.15","23.97","25.12","25.84","26.66","28.15","29.32","32.12","31.59","32.93","34.43","32.97","32.01","31.57","31.47","32.52","32.78","32.95","33.32","36.30","34.15","33.29","33.41","32.41","32.25","30.90","33.11","31.22","31.74","31.58","31.38","32.01","31.84","32.31","31.08","32.18","32.63","32.28","32.52","32.05","33.15","32.18","33.40","33.64","33.01","33.26","33.27","32.58","30.65","30.36","28.65","25.34","25.34","24.79","24.15","25.35","25.91","26.68","25.84","24.85","22.97","23.75","23.09","21.36","21.34","21.07","21.80","23.04","23.74","23.68","24.34","23.95","24.33","24.02","23.73","24.49","24.19","24.82","24.53","25.72","25.51","25.28","25.72","25.59","26.51","27.10","26.35","26.54","27.82","27.34","27.70","27.54","29.26","29.45","28.75","28.52","30.02","26.55","28.84","27.84","28.44","28.68","28.90","28.16","28.32","28.59","28.97","28.42","27.40","28.01","Electric utility companies"
"Electricity Sent to System by Electric Utility Companies","City and County of Honolulu","KWH","660,429,628","579,073,694","662,839,486","631,140,513","662,422,334","683,431,078","713,944,747","734,462,865","701,671,368","707,769,773","689,375,523","678,310,587","665,549,001","582,254,198","660,905,183","639,084,722","683,836,783","678,029,552","711,223,745","726,052,364","697,215,160","709,879,902","666,617,960","668,466,343","636,962,362","608,171,137","663,107,883","639,141,550","676,342,267","666,668,354","705,960,259","705,676,713","675,690,898","687,727,748","641,215,034","643,984,476","619,271,378","546,568,445","608,263,121","596,864,892","658,041,967","663,911,909","691,502,928","703,023,773","678,384,514","708,963,161","641,066,396","645,734,738","634,123,780","555,794,463","617,382,974","608,082,347","649,621,989","642,518,053","664,188,310","679,175,913","654,942,597","668,765,742","634,122,281","648,300,041","627,359,459","589,489,940","641,768,263","629,587,645","643,863,810","621,923,168","649,443,046","664,120,579","643,217,659","654,581,842","612,124,698","616,332,653","617,656,693","567,358,472","593,917,641","579,357,724","612,817,752","602,289,974","623,929,139","649,228,230","607,528,538","645,678,095","597,060,971","614,172,005","586,193,209","515,099,011","569,347,456","582,621,692","609,572,388","591,733,523","635,464,971","641,201,780","618,142,112","637,435,497","591,331,362","609,186,211","570,935,892","539,227,675","564,451,576","553,995,263","596,398,722","580,078,678","626,412,944","638,094,951","638,098,290","644,630,917","576,039,356","573,515,145","550,014,041","506,011,777","545,750,619","555,977,223","561,464,740","576,277,254","641,760,692","673,484,560","643,242,805","630,876,444","606,041,665","595,239,167","562,874,393","517,551,015","549,407,435","551,474,449","581,188,167","570,553,230","621,840,627","642,760,784","612,614,200","607,774,365","567,592,862","577,426,298","544,073,112","490,714,121","564,647,362","549,625,000","571,691,179","581,164,718","613,532,425","631,159,467","608,146,022","609,700,162","552,989,640","537,245,431","545,038,232","491,507,327","530,465,540","539,679,072","562,540,331","565,837,496","613,172,716","622,260,101","604,410,564","613,520,415","568,992,750","550,360,573","530,538,471","447,081,875","500,043,421","516,009,564","563,594,932","582,656,143","619,117,415","652,113,597","630,577,346","625,811,866","583,228,290","583,049,200","Electric utility companies"
"Electricity  Generated at the Utility Stations","City and County of Honolulu","KWH","459,087,320","363,069,160","396,283,480","435,928,580","411,776,002","438,279,969","450,591,190","482,157,494","447,781,818","443,676,014","423,216,637","407,086,502","404,094,508","365,493,522","463,047,541","375,362,517","413,710,055","423,140,241","460,841,405","472,449,094","459,056,027","488,862,080","411,066,081","415,977,414","391,724,824","422,736,526","426,583,290","379,263,011","413,945,230","416,536,728","448,076,478","445,333,420","429,639,254","450,624,851","375,793,993","375,113,728","369,917,614","353,673,896","381,685,672","334,430,944","431,665,958","408,883,297","444,011,370","432,794,128","418,570,655","443,630,823","379,945,246","380,036,679","372,509,638","392,784,688","432,105,154","364,089,620","400,105,745","379,764,948","407,202,444","401,894,372","390,847,592","406,583,195","393,131,792","378,749,144","365,434,971","374,371,706","427,799,371","383,136,262","390,668,824","370,442,503","389,509,681","403,197,058","406,877,956","391,192,663","377,354,707","418,900,742","379,695,010","352,920,289","398,611,836","359,378,999","345,196,135","354,765,650","369,127,644","394,830,388","362,791,716","387,846,417","341,894,353","352,227,045","418,677,703","324,138,929","360,892,612","329,446,857","335,631,819","331,629,309","349,159,079","350,256,939","333,641,849","365,455,674","332,214,578","338,594,109","348,943,807","330,953,678","306,113,081","283,203,730","326,745,472","315,464,097","326,641,775","345,517,601","407,989,488","352,316,051","291,889,191","334,225,620","339,461,115","257,429,571","281,421,572","339,345,420","327,065,847","332,332,581","356,420,989","386,062,249","360,458,175","347,870,126","328,664,077","320,361,846","317,290,558","322,746,144","274,414,887","280,336,054","310,167,375","300,975,159","326,961,337","343,179,263","325,570,830","314,311,623","289,237,145","308,749,158","336,182,444","275,216,600","341,343,564","279,074,381","285,957,488","301,954,594","303,764,146","317,249,372","313,705,251","338,733,086","290,341,511","293,427,358","315,169,880","304,359,465","265,393,836","291,807,846","341,364,717","294,328,491","321,032,769","320,409,620","340,126,840","352,147,240","318,221,148","278,523,442","339,421,950","253,335,736","253,331,568","240,320,195","292,842,552","331,726,342","332,896,861","365,141,039","348,803,388","348,133,091","302,015,060","318,179,189","Electric utility companies"
"Electricity Generated at the Utility Stations - by Steam","City and County of Honolulu","KWH","453,321,600","362,097,400","395,524,400","435,002,700","410,460,600","435,782,200","449,055,100","478,803,100","446,808,600","441,668,700","422,124,800","406,293,300","402,968,800","363,605,300","461,675,600","374,642,000","412,067,300","419,557,700","455,951,100","470,709,000","457,319,100","486,739,700","409,235,800","415,427,800","391,399,400","421,376,500","424,807,800","378,249,500","413,231,100","415,717,800","442,980,600","440,733,400","426,044,800","447,309,600","374,299,600","372,932,600","369,369,700","353,096,700","380,788,400","334,061,100","430,479,000","407,635,600","441,629,500","426,179,100","405,039,000","435,357,000","373,123,100","372,292,700","371,468,000","389,151,500","427,988,100","362,574,900","399,379,000","378,562,800","406,620,200","399,879,700","386,127,400","405,046,200","392,791,100","375,655,200","361,830,300","373,325,200","422,694,200","381,244,800","388,968,600","364,970,900","386,404,000","396,455,000","401,220,300","390,181,800","376,016,400","417,281,500","376,524,800","352,432,900","396,119,800","358,451,200","342,909,700","347,434,500","366,557,100","393,618,200","356,703,900","386,798,300","340,013,500","350,767,000","411,998,400","322,293,500","359,250,800","327,861,000","331,124,800","330,774,300","347,971,800","347,416,400","328,203,700","361,206,500","328,962,200","334,692,400","345,563,700","328,332,600","305,714,300","281,688,000","320,610,000","313,268,500","319,523,700","342,972,600","403,817,600","344,438,100","287,130,400","322,691,700","329,726,700","251,499,200","277,719,900","337,167,800","323,200,700","331,470,000","348,720,800","370,032,200","351,770,800","341,241,200","324,263,000","316,705,700","311,928,100","316,664,500","272,431,000","278,334,900","303,925,300","297,135,300","324,341,005","334,137,800","320,507,500","310,320,900","283,443,700","306,785,200","334,807,600","266,906,200","329,343,700","267,909,700","275,496,600","292,229,600","297,417,300","306,613,100","301,755,000","333,778,100","286,241,500","285,816,800","305,241,000","297,591,800","260,830,600","280,412,500","332,961,800","291,121,900","314,027,100","313,170,900","331,921,500","340,820,300","303,166,700","269,668,800","327,090,540","243,853,920","243,272,300","224,425,450","271,248,900","314,524,670","319,974,600","346,921,760","332,544,590","330,440,421","286,902,661","306,378,339","Electric utility companies"
"Electricity Generated at the Utility Stations - by Diesel","City and County of Honolulu","KWH","5,765,720","971,760","759,080","925,880","1,315,402","2,497,769","1,536,090","3,354,394","973,218","2,007,314","1,091,837","793,202","1,125,708","1,888,222","1,371,941","720,517","1,642,755","3,582,541","4,890,305","1,740,094","1,736,927","2,122,380","1,830,281","549,614","325,424","1,360,026","1,775,490","1,013,511","714,130","818,928","5,095,878","4,600,020","3,594,454","3,315,251","1,494,393","2,181,128","547,914","577,196","897,272","369,844","1,186,958","1,247,697","2,381,870","6,615,028","13,531,655","8,273,823","6,822,146","7,743,979","1,041,638","3,633,188","4,117,054","1,514,720","726,745","1,202,148","582,244","2,014,672","4,720,192","1,477,263","340,527","696,210","605,559","323,727","699,656","473,750","494,112","2,325,625","991,438","2,425,159","175,793","332,342","44,876","331,676","1,872,466","75,228","325,679","349,676","234,085","443,598","576,113","389,987","71,173","253,732","525,770","158,011","1,700,415","275,846","484,546","172,323","632,169","31,184","108,963","468,579","223,888","527,039","129,490","309,094","130,371","356,769","201,559","264,939","225,301","128,038","686,451","1,969,975","4,171,888","828,687","1,018,200","3,861,661","4,135,790","1,941,879","1,312,202","166,701","28,751","26,836","844,128","2,525,368","1,591,614","1,581,049","1,181,207","854,696","232,263","1,048,318","640,203","865,692","958,328","766,702","882,816","2,299,566","1,380,760","1,583,119","920,767","253,654","177,453","1,464,778","5,011,640","6,893,348","5,491,888","4,399,570","2,081,580","4,322,050","5,443,439","1,282,309","1,523,085","1,517,177","1,713,026","2,997,984","1,142,257","2,840,465","1,035,541","891,133","1,035,864","2,127,031","3,132,725","6,157,810","9,611,813","4,956,245","6,391,916","2,641,331","5,259,384","10,963,248","16,438,216","13,579,985","8,726,704","12,486,689","11,251,766","13,156,195","10,766,304","7,187,607","Electric utility companies"
"Electricity Generated at the Utility Stations - by Biodiesel","City and County of Honolulu","KWH","0","0","0","0","0","0","0","0","0","0","0","0","0","0","0","0","0","0","0","0","0","0","0","0","0","0","0","0","0","0","0","0","0","0","0","0","0","0","0","0","0","0","0","0","0","0","0","0","0","0","0","0","0","0","0","0","0","0","0","0","2,999,112","722,779","4,405,515","1,417,712","1,206,112","3,145,978","2,114,243","4,316,899","5,481,863","678,521","1,293,431","1,287,566","1,297,744","412,161","2,166,357","578,123","2,052,350","6,887,552","1,994,431","822,201","6,016,643","794,385","1,355,083","1,302,034","4,978,888","1,569,583","1,157,266","1,413,534","3,874,850","823,825","1,078,316","2,371,960","5,214,261","3,722,135","3,122,888","3,592,615","3,249,736","2,264,309","197,222","1,250,791","5,910,171","2,067,559","6,431,624","575,026","0","7,049,264","3,740,591","7,672,259","5,598,625","3,988,492","2,389,470","2,010,919","3,836,396","835,745","6,856,061","13,504,681","7,095,761","5,047,877","3,219,870","2,801,450","5,130,195","5,033,326","1,343,684","1,135,462","5,283,747","3,073,157","1,737,516","6,741,897","3,682,570","2,407,604","4,872,678","1,710,304","1,197,391","6,845,622","3,988,224","4,271,333","4,969,000","5,325,424","4,265,266","6,314,222","6,506,812","3,672,677","2,576,926","6,093,381","8,215,854","3,769,681","3,420,979","8,554,881","7,367,376","2,315,458","5,969,805","5,111,689","5,072,615","5,169,130","5,442,635","3,898,397","5,939,494","6,840,485","4,799,884","4,931,497","5,155,436","3,621,687","4,195,557","5,732,590","5,007,032","4,536,475","1,945,367","2,412,888","Electric utility companies"
"Electricity Generated at the Utility Stations - by Hydro & Wind","City and County of Honolulu","KWH","0","0","0","0","0","0","0","0","0","0","0","0","0","0","0","0","0","0","0","0","0","0","0","0","0","0","0","0","0","0","0","0","0","0","0","0","0","0","0","0","0","0","0","0","0","0","0","0","0","0","0","0","0","0","0","0","0","0","0","0","0","0","0","0","0","0","0","0","0","0","0","0","0","0","0","0","0","0","0","0","0","0","0","0","0","0","0","0","0","0","0","0","0","0","0","0","0","0","0","0","0","0","0","0","0","0","0","0","0","0","0","0","0","0","0","0","0","0","0","0","0","0","0","0","0","0","0","0","0","0","0","0","0","0","0","0","0","0","0","0","0","0","0","0","0","0","0","0","0","0","0","0","0","0","0","0","0","0","0","0","0","0","0","0","0","0","0","0","Electric utility companies"
"Electricity Purchased from Independent Power Plant","City and County of Honolulu","KWH","228,496,908","237,774,114","290,821,336","220,772,223","275,604,872","270,669,959","289,582,137","279,590,181","279,744,320","289,899,549","291,407,636","295,664,535","285,791,293","238,711,736","224,752,662","286,213,115","294,217,208","279,934,041","276,285,810","280,702,140","265,179,113","249,040,012","280,361,449","277,287,089","269,335,768","210,155,711","261,718,023","282,794,609","286,952,927","274,482,896","283,800,131","286,259,603","270,762,064","262,745,897","286,923,951","290,314,348","271,597,464","213,960,509","248,181,309","282,334,108","251,814,449","278,937,752","273,192,769","296,136,591","284,742,061","291,490,697","284,531,484","289,764,325","285,393,840","186,480,836","211,164,861","267,593,247","273,641,320","286,312,513","282,274,415","302,137,374","288,545,666","287,725,037","265,866,436","293,407,116","285,489,028","237,822,795","240,333,072","270,424,800","277,522,171","275,109,087","284,841,245","286,024,351","260,697,918","287,722,181","258,451,235","223,010,472","262,016,734","236,532,055","219,837,433","242,181,553","290,549,392","270,346,332","278,371,062","279,029,444","267,690,865","281,986,239","276,901,185","284,686,379","192,140,499","211,628,245","231,466,908","274,602,900","295,504,550","281,666,674","308,823,084","312,047,990","304,347,220","295,041,513","280,575,608","292,661,094","244,461,255","228,718,476","277,943,923","289,543,833","290,196,806","284,818,660","320,591,471","314,752,187","254,023,392","313,083,087","301,818,552","259,269,229","231,016,062","264,776,503","282,548,950","237,478,358","254,831,168","264,462,501","306,320,476","309,415,927","304,779,016","304,170,154","297,205,577","295,064,659","265,040,191","214,400,317","293,024,080","287,900,087","289,756,666","288,412,025","315,235,212","320,518,340","306,787,049","312,818,511","296,286,226","288,167,285","228,583,734","233,002,470","243,424,808","287,264,006","303,514,776","297,277,613","328,002,243","332,825,789","312,922,592","292,338,324","281,236,604","263,002,991","249,166,887","206,105,042","282,995,314","266,142,029","242,558,382","290,938,114","313,211,221","323,104,035","285,450,785","282,561,660","270,360,820","290,987,369","212,889,090","210,890,212","263,247,643","290,849,064","287,352,102","269,666,011","306,211,590","306,790,426","304,576,902","300,363,861","301,498,060","285,711,504","Electric utility companies"
"Electricity Used by Stations","City and County of Honolulu","KWH","27,154,600","21,769,580","24,265,330","25,560,290","24,958,540","25,518,850","26,228,580","27,284,810","25,855,770","25,805,790","25,248,750","24,440,450","24,336,800","21,951,060","26,895,020","22,490,910","24,090,480","25,044,730","25,903,470","27,098,870","27,019,980","28,022,190","24,809,570","24,798,160","24,098,230","24,721,100","25,193,430","22,916,070","24,555,890","24,351,270","25,916,350","25,916,310","24,710,420","25,643,000","21,502,910","21,443,600","22,243,700","21,065,960","21,603,860","19,900,160","25,438,440","23,909,140","25,701,211","25,906,946","24,928,202","26,158,359","23,410,334","24,066,266","23,779,698","23,471,061","25,887,041","23,600,520","24,125,076","23,559,408","25,288,549","24,855,833","24,450,661","25,542,490","24,875,947","23,856,219","23,564,540","22,704,561","26,364,180","23,973,417","24,327,185","23,628,422","24,907,880","25,100,830","24,358,215","24,333,002","23,681,244","25,578,561","24,055,051","22,093,872","24,531,628","22,202,828","22,927,775","22,822,008","23,569,567","24,631,602","22,954,043","24,154,561","21,734,567","22,741,419","24,624,993","20,668,163","23,012,064","21,428,065","21,563,981","21,562,460","22,517,192","21,103,149","19,846,957","23,061,690","21,458,824","22,068,992","22,469,170","20,444,479","19,655,428","18,752,300","20,543,556","20,204,079","20,820,302","22,174,837","23,914,590","20,768,221","17,668,387","19,979,704","20,463,136","16,194,297","18,219,903","20,846,555","20,432,275","20,517,828","20,980,773","21,993,616","21,994,386","21,163,836","19,827,989","20,187,338","19,456,355","19,595,446","18,031,532","16,761,692","18,735,874","18,833,954","20,355,922","20,937,119","19,743,679","19,355,769","17,930,509","19,490,145","20,693,066","17,504,949","20,121,010","16,713,387","17,781,085","18,067,489","18,233,964","18,915,694","18,481,821","21,371,248","18,588,475","19,184,918","19,298,535","18,957,180","17,923,610","18,270,803","21,382,768","19,429,109","21,071,274","21,253,554","21,167,061","21,188,485","19,589,218","19,150,238","21,772,569","17,144,073","16,535,790","15,159,695","16,599,722","18,736,210","19,991,036","19,817,868","22,802,944","22,685,086","20,284,830","20,841,493","Electric utility companies"

 Compiled by Research & Economic Analysis Division State of Hawaii Department of Business Economic Development and Tourism. For more information please visit: http://dbedt.hawaii.gov/economic